<?xml version="1.0" encoding="UTF-8"?>
<project-private xmlns="http://www.netbeans.org/ns/project-private/1">
    <editor-bookmarks xmlns="http://www.netbeans.org/ns/editor-bookmarks/2" lastBookmarkId="0"/>
    <open-files xmlns="http://www.netbeans.org/ns/projectui-open-files/2">
        <group>
            <file>file:/C:/Users/Hans/Documents/GitHub/isd-movie-store/online-movie-store/web/movieTable.jsp</file>
            <file>file:/C:/Users/Hans/Documents/GitHub/isd-movie-store/online-movie-store/web/movieManagement.jsp</file>
            <file>file:/C:/Users/Hans/Documents/GitHub/isd-movie-store/online-movie-store/web/movieDetails.jsp</file>
            <file>file:/C:/Users/Hans/Documents/GitHub/isd-movie-store/online-movie-store/web/movie-catalogue.jsp</file>
            <file>file:/C:/Users/Hans/Documents/GitHub/isd-movie-store/online-movie-store/web/ordersubmitted.jsp</file>
            <file>file:/C:/Users/Hans/Documents/GitHub/isd-movie-store/online-movie-store/web/movieSearching.jsp</file>
        </group>
    </open-files>
</project-private>
